{"cameraMode":{"drawMode":0,"name":"Shaded","section":"Shading Mode"},"sceneLighting":true,"audioPlay":false,"sceneViewState":{"showFog":true,"showMaterialUpdate":true,"showSkybox":false,"showFlares":true,"showImageEffects":true,"showParticleSystems":true},"in2DMode":false,"pivot":{"x":62.03889465332031,"y":23.215137481689454,"z":357.3089599609375},"rotation":{"x":-0.1502266377210617,"y":-0.713143527507782,"z":0.16097186505794526,"w":-0.665546715259552},"size":353.55340576171877,"orthographic":false}