{"cameraMode":{"drawMode":0,"name":"Shaded","section":"Shading Mode"},"sceneLighting":true,"audioPlay":false,"sceneViewState":{"showFog":true,"showMaterialUpdate":true,"showSkybox":false,"showFlares":true,"showImageEffects":true,"showParticleSystems":true},"in2DMode":false,"pivot":{"x":31.457805633544923,"y":30.879344940185548,"z":-17.851665496826173},"rotation":{"x":0.10327877104282379,"y":-0.1692305952310562,"z":0.01783483661711216,"w":0.9799885749816895},"size":27.311946868896486,"orthographic":false}