{"cameraMode":{"drawMode":0,"name":"Shaded","section":"Shading Mode"},"sceneLighting":true,"audioPlay":false,"sceneViewState":{"showFog":true,"showMaterialUpdate":true,"showSkybox":false,"showFlares":true,"showImageEffects":true,"showParticleSystems":true},"in2DMode":false,"pivot":{"x":489.77569580078127,"y":1101.4525146484375,"z":19.43310546875},"rotation":{"x":-0.1653275340795517,"y":-0.06888502836227417,"z":0.011577748693525792,"w":-0.9837650060653687},"size":1207.4766845703125,"orthographic":false}