{"cameraMode":{"drawMode":0,"name":"Shaded","section":"Shading Mode"},"sceneLighting":true,"audioPlay":false,"sceneViewState":{"showFog":true,"showMaterialUpdate":true,"showSkybox":false,"showFlares":true,"showImageEffects":true,"showParticleSystems":true},"in2DMode":false,"pivot":{"x":64.724853515625,"y":121.12075805664063,"z":116.90362548828125},"rotation":{"x":-0.11105497181415558,"y":-0.7789756059646606,"z":0.14416621625423432,"w":-0.6000720858573914},"size":353.55340576171877,"orthographic":false}