{"cameraMode":{"drawMode":0,"name":"Shaded","section":"Shading Mode"},"sceneLighting":true,"audioPlay":false,"sceneViewState":{"showFog":true,"showMaterialUpdate":true,"showSkybox":false,"showFlares":true,"showImageEffects":true,"showParticleSystems":true},"in2DMode":false,"pivot":{"x":91.8582763671875,"y":105.8497314453125,"z":290.37005615234377},"rotation":{"x":-0.12464211881160736,"y":-0.7349200248718262,"z":0.14057840406894685,"w":-0.6516146659851074},"size":353.55340576171877,"orthographic":false}