{"cameraMode":{"drawMode":0,"name":"Shaded","section":"Shading Mode"},"sceneLighting":true,"audioPlay":false,"sceneViewState":{"showFog":true,"showMaterialUpdate":true,"showSkybox":false,"showFlares":true,"showImageEffects":true,"showParticleSystems":true},"in2DMode":false,"pivot":{"x":76.902587890625,"y":109.6607666015625,"z":188.5819854736328},"rotation":{"x":-0.11791592836380005,"y":-0.7609178423881531,"z":0.14436855912208558,"w":-0.6215019226074219},"size":353.55340576171877,"orthographic":false}